filename,img_1.png,img_2.png,img_3.png,img_4.png,img_5.png,img_6.png,img_7.png,img_8.png,img_9.png,img_10.png,img_11.png,img_12.png,img_13.png,img_14.png,img_15.png,img_16.png,img_17.png,img_18.png,img_19.png,img_20.png,img_21.png,img_22.png,img_23.png,img_24.png,img_25.png,img_26.png,img_27.png,img_28.png,img_30.png,img_31.png,img_32.png,img_33.png,img_34.png,img_35.png,img_36.png,img_37.png,img_38.png,img_39.png,img_40.png,img_41.png,img_42.png,img_43.png,img_44.png,img_45.png,img_46.png,img_47.png,img_48.png,img_49.png,img_50.png,img_51.png,img_52.png,img_53.png,img_54.png,img_55.png,img_56.png,img_57.png,img_58.png,img_59.png,img_60.png,img_61.png,img_62.png,img_63.png,img_64.png,img_65.png,img_66.png,img_67.png,img_68.png,img_69.png,img_70.png,img_71.png,img_72.png,img_73.png,img_74.png,img_75.png,img_76.png,img_77.png,img_78.png,img_79.png,img_80.png,img_81.png,img_82.png,,Label 1,Label 2,Label 3,Label 4,Label 5,filename
uji_1.png,136.014705087354,106.103722837608,146.58785761447,130.805198673447,65.6201188660917,144.395290781937,158.707277715926,172.673101553195,83.6779540858881,123.862827353488,200.529299604821,176.124955642294,92.6714627056248,55.9464029227975,186.29546424967,189.097858263916,209.231928729819,201.30076999356,82.2800097228968,74.4177398205562,75.8683069535626,177.302002244758,159.267071298495,180.532545542348,132.597134207342,79.4103267843673,75.5645419492502,62.3538290724796,214.107449660212,195.269045165894,273.799196492612,164.182824923924,150.505813841194,93.9042065085478,97.7445650662992,74.4580418759451,107.758990344194,117.515956363381,147.709173716462,142.464030548065,54.4242592967511,172.68468374468,173.977009975456,190.588562091223,188.334808253812,144.519894824208,164.067059460454,157.066864742377,152.216950435883,115.455619178973,189.346243691286,190.294508591289,166.048185777503,172.220788524498,142.730515307694,172.806249886976,204.43091742689,178.717654416121,208.096131631513,53.0659966456864,191.217154042204,193.582023958838,178.600111982048,199.729817503547,211.442663623026,215.564375535477,189.256439784753,170.399530515785,185.483152873785,107.191417566893,185.763290237872,171.330090760497,188.759105740624,177.211737760229,157.816348962964,172.383293854132,195.88261791185,183.624617086054,200.079984006397,158.606431143255,78.2176450681047,,kotak,bola,kotak,bintang,bola,uji_1.png
uji_2.png,169.156732056398,141.0035460547,131.886314680485,152.767797653825,97.4576831245233,153.368836469473,176.442625235514,154.103861080766,119.632771429905,140.142784330839,203.440408965377,168.854967353643,124.008064253902,90.37698822156,164.310681332651,186.241778342025,208.719908010712,184.369194823864,81.9634064689847,75.7099729229908,79.4229186066591,160.51791177311,162.061716639063,187.739180780145,129.529919323684,99.2370898404422,95.655632348545,74.9266307797168,232.2972234014,214.261522443952,286.108371076416,181.207063879971,175.202739704606,109.489725545368,112.685402781372,93.4558719396486,68.4835746730557,138.419651783986,173.083794735382,126.578039169518,88.5324799155654,142.912560679599,176.821944339496,199.554503832913,169.156732056398,132.453765518388,161.251356583441,166.23477373883,126.095202129185,112.169514575039,163.694838037123,188.148877222268,149.438950745781,149.438950745781,132.99624054837,175.294038689283,186.12898753284,171.662459495371,210.028569485201,94.4880944881417,169.746870368794,189.335680736622,162.548454314398,186.729751244948,193.390796058137,212.278119456528,187.333926452205,158.436106995849,165.957825967925,115.913761046737,161.932084529287,155.389832357204,185.407658957229,176.544611925711,146.13007903919,150.598804776134,178.336760091687,173.896520954273,201.032335707468,147.824219937059,90.5869747811461,,bola,bintang,segitiga,segitiga,segitiga,uji_2.png
uji_3.png,224.058028198054,185.800968781113,168.130901383416,211.504137075377,160.274764077193,136.930639376292,201.201391645287,166.246804480567,175.681530047982,196.163197363828,216.624098382428,134.721935853075,183.461167553245,157.841692844445,131.346869014834,163.816971037802,197.038067388005,167.952374201736,109.526252560745,108.07404868885,110.190743712891,151.571765180722,147.560157224096,193.064755975812,140.214121970649,144.360659460949,143.213127889869,117.635028796698,274.73259726505,258.185979479909,313.687742827162,228.065779984635,213.030514246199,159.204271299485,156.236999459155,141.866134084213,69.1664658631623,151.201851840512,210.423382731102,162.215905508677,153.231850475024,97.4884608556315,154.686780301356,207.171426601257,168.017856193918,110.878311675458,176.215776819217,173.441632833642,121.901599661366,132.227077408525,120.424250049564,161.870318465122,120.424250049564,134.944433008554,138.23892360692,173.700892340828,176.957622045506,179.733135509288,209.556674911586,156.364957711119,137.14955340795,165.758860999948,136.755255840498,170.052932935601,170.423003142181,195.284407979746,180.138835346518,154.084392460755,152.57129481,153.850576859497,124.466863060013,128.078101172683,161.245154965971,162.708327998293,137.120385063637,130.805198673447,166.511260880458,169.964702217843,195.637419733547,142.71650219929,133.514044205095,,bola,bola,segitiga,segitiga,segitiga,uji_3.png
uji_4.png,156.843871413581,100.488805346665,205.52858681945,181.113224254884,131.270712651376,97.0875893201598,146.887712215828,214.997674406027,137.062029752955,163.700946851263,211.962260791868,152.879037150291,138.895644280157,111.722871427475,199.699774661866,172.586210341383,199.414141925792,218.846978503246,111.283421945948,108.921990433521,103.431136511207,206.480023246802,142.105594541524,175.487891320171,144.741148261301,110.923396990896,109.799817850486,108.323589305377,235.877086636239,219.581419979014,282.43583342062,216.887067387615,160.099968769516,140.975175119593,133.985073795554,128.241958812239,154.828937863695,62.2093240599832,141.576834263237,201.955440629858,128.343289657076,190.693471309324,139.384360672207,178.303112704181,219.727103471556,141.901374200534,179.788764943753,138.318473097414,188.10635289644,133.086438076913,199.839935948749,160.922341519132,164.243721341182,197.484176581315,150.996688705415,157.93036440153,226.044243456895,188.547076349648,195.284407979746,132.815661727072,203.479728720087,177.701997737786,179.477018027379,204.826756064729,226.375793758962,204.90973622549,176.889796200911,174.802745973855,202.874345347065,135.992646860042,198.050498610834,168.511127229035,167.964281917317,166.162570995998,164.984847789123,195.601635984978,217.172742304369,191.494125236259,191.128229207514,165.348117618557,115.464280190888,,bola,kotak,bola,segitiga,bintang,uji_4.png
uji_5.png,153.694502178835,163.682619724881,126.079340099796,185.186392588656,118.363845831402,153.655458738048,112.552210107132,132.695139323187,116.284134773408,164.966663298983,142.828568570857,180.737378535819,136.279125327396,133.828248139173,156.837495516857,155.119308920585,149.157634735873,144.50605523645,94.8683298050514,97.4782026916787,97.2419662491457,126.720164141308,139.334130779217,109.142109197138,82.9698740507662,70.9788700952614,73.8918128076447,86.4638652848691,272.569257254005,254.778335028707,322.239041706619,206.077655266164,204.26453436659,56.4446631666803,31.2729915422238,84.4630096551147,155.82040944626,151.439756999277,114.008771592365,121.441343866082,82.6801064343775,167.940465641846,160.318433126076,125.562733324821,134.513939798074,132.981201679034,90.37698822156,127.773236634281,133.319165913983,82.4984848345714,168.736480939956,163.095064303001,138.246157270284,143.485190873484,101.449494823779,138.38352503098,148.418327709215,107.359210131223,145.60219778561,108.75660899458,158.719879032212,156.486421136148,137.934767190872,136.227750476913,157.75931034332,157.15597347858,135.933807421112,109.151271179039,137.847742092499,38.2883794381533,158.801763214393,134.721935853075,155.647036592413,139.957136295367,109.288608738514,137.258879494188,136.022057034879,108.95870777501,134.320512208672,104.009614940158,60.0999168052669,,segitiga,segitiga,segitiga,bintang,bintang,uji_5.png
uji_6.png,217.039166972231,206.620424934226,162.775919595006,237.592087410334,166.955083780039,155.679157243351,174.103417542563,146.710599480746,166.463209148448,211.404824921287,171.464281994822,141.42135623731,190.152570321834,176.550276125527,83.9404550857332,119.22248110151,139.405882228836,100.727354775155,81.2649986156402,86.6025403784439,90.9065454189081,81.351090957651,121.926207191071,143.485190873484,97.4679434480896,121.358971650225,123.239604024031,110.516967023168,318.191766078257,300.921916782411,360.080546544797,251.2130569855,246.633331080777,141.350627872677,125.610509114485,131.984847615171,133.003759345366,169.298552858552,187.221793603202,155.190205876531,142.309521817762,94.8261567290376,142.049287221021,160.018748901496,119.281180409988,96.1665222413705,121.40840168621,138.267855989742,88.6002257333467,91.0494371207203,98.7927122818277,135.114766032436,87.5899537618328,93.3595201358705,90.6200860736735,130.636901371703,121.950809755409,118.27087553578,151.208465371486,157.695909902572,91.4877040918614,117.966096824469,81.5475321515004,106.21675950621,114.490174250894,136.088206689632,121.556571192182,94.7417542586161,98.8230742286436,115.767007389843,86.8907359849138,84.6640419540669,121.383689184338,115.429632244065,86.1626369141521,78.0896920214186,103.41179816636,105.669295445744,135.838138974295,90.8955444452587,105.640901169954,,bintang,segitiga,segitiga,segitiga,segitiga,uji_6.png
uji_7.png,226.313941240923,212.720473861826,169.339894885995,241.130669969625,176.985875142623,145.189531303052,176.61823235442,153.290573748029,173.666346768739,210.080936783898,181.906569425076,139.05394636615,189.952625672824,179.214954733136,71.5401984900797,108.249711316012,138.311243216161,103.740059764779,88.1589473621368,93.7336652436039,98.2344135219425,84.3919427433686,107.191417566893,147.4381226142,96.8710483064987,128.848748538742,130.284304503651,116.798972598221,321.038938448282,304.042760150608,361.552209231253,250.922298730105,250.291829670886,152.865954352171,135.874942502288,138.650640099496,124.555208642594,164.505319062941,194.576463119258,162.277540035582,150.039994668088,76.3544366752843,129.784436663261,164.657219702022,126.380378223837,91.7823512446701,136.293800299207,131.855982041013,78.8416133777081,93.8189746266713,86.2438403597614,126.087271363925,87.4871419123976,82.6196102629394,88.9156904038877,123.409886151799,124.795833263775,129.599382714579,153.629424265015,162.511538051918,76.7333043730035,108.342050931298,76.3937170191371,109.105453575887,109.114618635635,133.236631599572,118.608600025462,95.8957767578948,91.727858363749,126.514821266127,71.8192174839019,78.5748051222528,111.094554321983,102.645019362851,78.8035532193822,63.1506136153878,106.386089316226,113.683771928979,137.338996646983,86.8562030024339,111.516814875605,,bintang,segitiga,bintang,bola,segitiga,uji_7.png
uji_8.png,216.023146907918,237.364698302001,130.782261794175,239.670607292592,186.29546424967,193.411478459785,155.254629560603,100.319489631876,182.280004388852,224.908870434227,119.532422379871,181.372544780074,203.803827245712,203.651663386283,107.023361935607,139.778396041735,111.812342789157,60.9261848469113,139.778396041735,144.644391526253,146.948970734742,66.2570750939098,152.937895892418,107.172757732551,113.181270535367,141.138230115019,143.701078631999,150.724914994171,323.719013961182,307.187239318302,359.897207546822,245.348731400837,265.149014706825,132.317799256185,120.424250049564,151.3538899401,174.974283824795,209.842798303873,170.4582060213,124.691619606131,158.16447135814,130.445390872963,172.244012958361,122.09013064126,47.8957200593122,146.150607251561,84.1783820229398,152.052622469986,101.75460677532,122.84950142349,121.704560308971,156.396930916179,129.444969002275,103.30537256116,116.413057686842,143.059428210796,67.468511173732,83.7973746605465,117.029910706622,179.041894538681,108.037030688556,135.668714153264,113.762911355151,86.4407311398972,79.2338311581612,113.454836829463,116.841773351828,96.591925128346,84.5221864364618,116.086174887452,108.138799697426,118.962178863704,140.662717164144,133.902949930164,109.407495172863,91.3892772703669,50.7148893324239,74.4714710476435,104.899952335547,104.144130895601,129.336769713798,,bola,bintang,segitiga,segitiga,kotak,uji_8.png
uji_9.png,135.011110653901,134.684817258665,143.26199775237,168,99.6192752432982,125.857061780418,112.071405808975,155.923057948464,98.7825895590918,148.276768241016,171.382612887072,169.870538940689,125.011999424055,106.056588668503,162.806633771477,150.552316488322,160.816665803019,166.006023987083,68.6876990442976,70.4130669691358,69.6850055607374,149.719738177703,124.883946125993,126.364551991451,79.7370679169983,0,18.9208879284245,55.6237359406935,253.877923419899,235.877086636239,306.532216903868,192.291445467551,190.745904281062,78.7400787401181,60.9754048777046,67.4536878161602,139.957136295367,111.928548637066,107.40577265678,138.874043651073,63.2929695937866,169.50516216328,146.574213284602,138.397976863826,161.381535498954,126.023807274657,117.115327775659,109.114618635635,134.506505418883,67.0522184569608,173.33205127731,156.409718368137,140.142784330839,144.319090906228,92.8654941299512,123.798222927472,172.916164657906,132.778010227598,159.260792412948,99.3579387869938,165.547576243206,154.376163963223,143.080396980159,155.537776761789,176.691822108438,168.249814264385,140.285423334001,121.934408597409,151.499174915245,66.6783323126786,166.114418398886,139.491935250752,152.826699238059,132.385799842732,110.516967023168,142.232204510793,162.166581020875,136.389149128514,150.193208901068,109.370928495647,35.2703841770968,,bintang,bintang,bintang,bintang,segitiga,uji_9.png
uji_10.png,243.926218353009,261.942741834928,169.911741795557,272.308648412055,215.336945274145,193.66982212002,170.557908054713,135.373557240696,211.385903030453,255.248898136701,125.123938556936,172.661518584773,234.951058733516,232.881944340904,83.2105762508589,113.578166916005,81.6578226503744,0,154.34377214517,161.164512222759,163.285026870194,63.608175575157,136.682112948257,108.120303366204,122.482651832821,166.006023987083,169.882312204655,170.698564727417,353.915244091011,337.624051275972,385.424441363025,273.199560760994,293.554083603005,171.895316981004,150.558958551127,177.538728169377,194.807597387782,218.467388870742,192.088521260381,164.237632715526,189.683947660312,121.827747249959,154.932243254915,120.158229014912,73.0616178304313,139.477596767366,100.816665289028,148.727939540626,113.551750316761,134.111893581442,104.259292151827,133.888012906309,117.720006795786,101.636607578175,119.239255281136,134.037308239162,57.5325994545701,84.4748483277715,100.029995501349,208.331466658304,81.7435012707432,108.332820511607,95.2785390316203,62.5459830844476,39.6988664825584,80.1623352953243,103.392456204503,94.7417542586161,76.7463354173996,143.178210632764,85.7671265695663,102.99514551667,115.073889305959,114.184061935105,103.97114984456,81.9878039710785,34.6987031457949,69.065186599328,85.5569985448298,102.683981223947,152.472948420367,,segitiga,bintang,segitiga,kotak,segitiga,uji_10.png
uji_11.png,106.742681247943,111.480940074974,154.951605348251,123.887045327589,83.5583628370015,166.925132918923,148.65396059305,182.137310839926,0,127.263506159464,188.164821366801,198.338095180931,88.0795095354192,80.3118920210451,209.528041082811,202.938414303453,210.485153870766,211.385903030453,117.038455218787,110.272390016722,110.995495404093,192.888568868142,177.172232587389,177.070607385867,157.670542588018,98.7825895590918,93.9893611000735,101.803732740995,208.345866289687,190.262975904404,267.544388840432,149.939987995198,158.221363917772,90.4322951162913,106.695829346793,88.7130204648675,158.871016865884,141.957740190523,131.445806323367,151.868364052557,61.5467302137165,203.533780979964,189.921036222952,182.395175374789,195.688528023489,177.307642249284,169.575941689852,166.535281547184,179.398996652713,145.698318452891,215.485498351977,205.216958363582,194.406790004876,196.433194750785,169.899970570922,184.770127455712,212.795676647812,186.354500884738,205.041459222275,80.3118920210451,213.658606192215,207.238992470047,202.059397207851,212.245141287145,223.530758509875,218.878961985843,199.929987745711,192.229030065701,206.320139588941,123.539467377838,211.57031927943,197.904017139623,204.014705352335,190.215667072931,182.690995946708,196.30588376307,205.104851234679,192.166594391429,198.564850867418,182.72383533628,104.756861350462,,kotak,bola,kotak,kotak,bola,uji_11.png
uji_12.png,0,120.141583142557,159.354949719173,104.460518857605,110.372097923343,194.041232731603,134.506505418883,192.675893666021,106.742681247943,139.140217047409,183.101064988711,241.230180533034,119.91663771137,116.679046962169,260.426573144908,244.724334711528,230.980518659042,243.926218353009,166.23477373883,160.860187740783,159.787358698991,240.170772576515,218.151323626514,197.787765041218,194.103065405985,135.011110653901,131.613069259857,148.559752288431,171.452617361182,156.958593265867,225.277606521376,137.651734460558,159.874951133691,126.67280686872,144.069427707616,118.194754536739,206.81876123795,163.682619724881,93.2308961664533,160.15617378047,111.184531298198,256.199141294424,225.951322191307,188.5841987018,222.737513679218,223.217382835656,184.932420089069,191.504569136091,225.401863346335,183.826004689217,265.849581530609,242.404620418011,240.016666088003,241.138964085027,207.778728458906,211.938670374238,242.849747786569,206.717198123427,217.678662252413,134.238593556399,263.704379940872,249.403287869266,247.967739837262,238.486896914694,255.409475157051,241.329650063974,233.310951307477,229.3599790722,249.122459846558,159.699718221417,262.251787410496,243.704739387645,245.727491339492,228.114006584427,221.963961038724,241.942141843871,241.797435883841,222.48595461287,224.677546719738,220.213532735843,144.913767461894,,bola,bola,bola,kotak,bola,uji_12.png
uji_13.png,111.803398874989,102.52804494381,138.123133471551,104.028842154472,53.777318638995,162.739054931507,153.648950533351,172.313667478816,60.9425959407704,117.915223783869,195.274166238138,196.9873092359,83.2225930862527,52.1536192416212,207.412632209323,207.985576422982,218.801279703753,212.847363150216,105.052367893351,97.4679434480896,97.6319619796714,193.080294178355,178.588913429698,185.596336170734,150.89068891088,88.6904729945669,83.3906469575575,82.304313374209,193.530359375474,174.355957741627,256.682683482934,142.435950518119,144.706599711278,83.6062198643139,101.044544632553,70.8801805866774,130.099961568019,133.439124697369,135.609734163887,135.136967555144,42.2374241638857,194.607296882722,192.790041236574,192.572064433032,193.385625112106,168.291413922398,168.303297650403,171.026313764871,169.911741795557,135.462171841441,210.39961977152,209.026314132934,188.562986824032,190.462594752881,162.517691344666,188.382589429066,213.119684684451,186.279360101972,214.634573170307,56.1782876207526,211.962260791868,212.471174515509,200.204895045051,213.077450707483,224.606322261863,226.914080656093,204.792577990512,188.679622641132,203.036942451368,117.694519838436,207.127979761306,193.700800204852,207.980768341691,194.822996589212,177.853872603326,191.562000407179,206.014562592065,193.664658624128,208.086520466848,177.752637111239,92.4770241735751,,bola,kotak,bola,kotak,kotak,uji_13.png
uji_14.png,165.142362826744,116.507510487522,153.473124683118,133.026313186527,88.6904729945669,157.257750206468,192.530517061582,180.687575665844,120.357799913425,132.785541381583,225.933618569703,176.334908625604,120.382723012898,74.2967024840268,196.921304078558,211.177650332605,236.271030809958,219.781709885058,109.972723890972,101.616927723682,102.72292830717,197.519619278693,184.054339802136,212.781578149989,161.752897964766,118.978989741887,115.073889305959,95.2680429105164,198.373385311639,179.911089152392,253.570503016419,165.939748101532,144.526814121117,125.896783120142,135.602359861471,105.744976240009,75.4718490564528,132.007575540194,183.079217826601,149.666295470958,98.4784240328814,166.877200360025,190.488844817748,222.238610506815,201.36533961931,153.251427399551,191.065433817842,188.55768348174,161.40012391569,144.554487996741,189.314553059188,206.765567733121,175.909067418368,184.010869244184,168.166584076623,201.246117974981,218.778426724392,204.053914444198,236.338739947559,92.0217365626187,202.76094298459,215.40659228538,196.056114416256,221.639346687361,227.92542640083,241.304786525257,216.928559668846,194.858923326595,202.158353772482,142.47806848775,193.069935515605,186.686903664933,209.298829428165,204.357529834357,182.06042952822,187.637949253343,213.546247918337,208.532971014178,228.975981273146,183.706287317555,116.1034021896,,kotak,bola,bola,kotak,bintang,uji_14.png
uji_15.png,145.828666591998,129.220741369178,209.255824291703,81.5475321515004,149.586095610521,239.357473248696,236.211769393483,250.111974923233,167.964281917317,155.312588028144,271.720444574934,270.540200339986,153.837576683982,132.189258262538,314.776110910596,314.206938179283,320.112480231559,318.99843259803,226.411130468447,217.126691127553,215.921281952475,308.94012364858,285.436507826171,290.28951066134,274.899981811567,213.180674546264,207.793166393893,206.813926030139,56.1782876207526,34.554305086342,123.628475684205,127.608777127594,116.292734080853,196.672316303032,225.10886255321,186.654761525122,200.224873579683,201.464637095447,209.251045397628,210.123773048173,178.247019610427,282.94169010593,281.222331972409,285.741141594976,286.642634651581,271.212094125612,276.072454257936,275.430572014074,275.699111351488,261.227869876091,303.907880779686,302.602048902515,294.095222674562,297.563438614357,285.208695519614,294.465617687363,309.308907081578,294.526739023811,309.948382799459,171.417618697729,319.853091277855,319.446396129304,314.467804393391,323.060365876101,328.761311592468,329.569416056769,316.486966556286,309.44466387385,315.71822880537,240.948127197536,310.911562988577,305.453760821503,311.663279838995,306.802868304715,299.746559613284,305.515957030071,312.643567021616,307.197005193736,313.263467388076,299.82995180602,221.345883178341,,bola,bola,bola,kotak,kotak,uji_15.png
uji_16.png,47.3497624070069,125.554768925756,151.82226450689,128.740048159071,112.534439173082,173.043347170586,100.558440719812,178.168459610561,108.949529599719,144.367586389743,162.677595261302,226.269750519154,126.317061397105,121.326007104825,238.222584991432,216.7579294974,200.259831219344,218.824130296455,146.642422238587,143.902744935599,142.070405081424,217.089843152553,191.274671611272,165.287628091155,163.358501462275,109.663120510042,108.092552934973,130.437724604502,202.133619173061,186.547581061776,250.75884829852,158.227684050548,173.666346768739,108.434311912789,117.575507653593,100.667770413375,201.787016430691,147.810689735215,56.8506816142076,151.466167839554,101.419919148065,239.587144897217,201.489453818308,156.741825943173,202.286924935845,200.997512422418,156.524758424985,160.822883943797,205.134102479329,154.841854806767,245.316122584717,215.888860296218,215.722043379901,217.798071616807,178.05617091244,181.256724013207,219.444753867574,177.454219448285,187.029409452097,133.940285202026,240.665743303861,221.400090334218,221.418156437091,209.857094233195,230.737946597433,211.286535302182,201.757279918223,198.600100704909,223.306963617349,131.939380019765,240.420465019099,217.720003674444,218.320864783923,197.969694650469,191.687245272084,217.301633680007,216.877845802655,192.353840616713,193.095831130555,189.325117192622,119.758089497119,,bola,bola,kotak,bintang,bola,uji_16.png
uji_17.png,211.210795178656,137.927517196533,231.749865156379,173.787226227937,180.659901472352,184.173830931541,242.936205617854,253.310086652703,190.913593020508,172.319470751276,290.898607765661,211.42374511866,171.306742424226,139.992856960632,260.702896033013,260.718238717586,292.410670119953,291.482417994637,194.576463119258,187.141657575218,187.072178583562,271.863936556506,233.764839101179,272.268250077015,239.812426700536,197.984847905086,194.303885704841,182.565056897534,180.072207739007,168.807582768074,216.610249064997,203.533780979964,140.007142674936,212.584101004755,223.342785869613,194.787063225462,142.302494707577,151.88153278131,235.048931076063,229.765097436491,191.326945305673,220.463148848056,224.263238182275,275.361580471931,271.727804981382,221.232908944397,272.734302939693,232.637056377526,227.600527240163,226.274169979695,241.929741867345,244.151592253665,241.929741867345,241.929741867345,241.929741867345,245.218270118684,283.199576270869,282.432292771206,288.863289464065,179.58284996068,265.345058367402,265.766815084201,265.15278614414,294.696453999705,294.645549771246,296.384884904747,268.897750083559,266.799550224508,266.822038070321,229.664973385146,254.59772190654,255.358571424575,256.63982543635,256.222559506379,255.479940504142,255.260651100008,285.825121359198,286.157299400173,287.168939824627,257.180870206164,203.263375943626,,bola,kotak,kotak,bola,bola,uji_17.png
uji_18.png,113.207773584679,188.748509927893,159.342398626354,123.765908068418,177.014123730283,249.847953763884,183.700843765074,198.005050440639,176.244148839047,163.474768695356,205.917459191784,289.043249358984,169.008875506584,170.997075998392,290.664755345398,287.130632291297,264.673383625932,268.417585116922,223.190501590009,218.426188906001,219.786259807114,268.279704785882,265.838296714375,240.387187678545,241.499482401102,195.67319693816,193.375282805223,206.630104292671,171.726526780227,162.326830807479,202.366005050255,134.959253109966,199.734824204494,179.660791493303,200.124960961895,171.400116686075,233.113706160749,227.046250794855,149.672976852871,160.486759578477,173.545383113467,280.099982149232,274.710756979045,228.184136170769,233.670708476694,275.553987450735,229.551737087742,234.959570990415,241.458070894307,234.65719677862,291.049823913364,287.189832689112,287.189832689112,259.326049597799,252.788449103198,249.627722819402,256.324013701409,246.333107803235,249.707829272532,193.654331219315,292.708045670084,291.537304645563,291.468694716946,275.270775782683,277.084824557391,275.771644662754,271.403758264325,270.979704037037,272.715969462736,214.443465743305,291.31426329653,290.082746815456,290.330845760488,269.154230878877,264.446591961402,265.37897429902,263.541268115641,262.518570771669,262.476665629537,263.001901133813,202.992610702951,,bola,bola,kotak,bola,bola,uji_18.png
uji_19.png,151.294414966317,149.244765402342,202.815186808089,94.424573072903,160.791790835229,234.469614236046,220.467684706852,238.700649349766,163.401346383682,141.350627872677,256.573576192093,266.668333328125,144.865454819291,132,296.661423174635,295.144032634915,301.024915912288,300.785637955006,219.686139753968,211.352785645233,211.011848008589,289.796480309889,268.044772379541,271.145717281317,263.711964082026,205.878605007903,201.181510084799,203.5976424225,122.56426885516,111.211510195663,175.613211348122,137.978259157014,149.09728367747,188.478115440494,215.476216785055,184.889155982713,205.065843084605,205.221831197366,201.45967338403,203.091112557886,175.721370356596,270.798818313522,268.972117514065,265.864627207156,267.248947612521,268.298341403744,265.435491221502,256.85015086622,257.678093752651,252.649955471993,289.444295158844,287.259464596034,287.259464596034,278.348702170497,273.784586856163,275.129060624282,289.008650389569,282.063822565036,289.008650389569,169.085777048219,300.319829515135,299.776583475094,299.553000318808,308.525525686287,309.615891065042,309.774111248826,295.864834003638,294.489388603393,295.479271692618,231.482180739685,292.882228890727,292.571358816956,293.281434802819,287.130632291297,286.125846438241,286.719374999319,291.207829565072,290.798899585263,291.34858846406,286.146815463671,214.573996560627,,bola,bola,bola,kotak,kotak,uji_19.png
uji_20.png,111.022520238013,143.150270694819,111.076550180495,125.147912487584,89.0393171582083,181.846088767397,126.9960629311,142.618371888057,95.3205119583398,151.637726176569,155.087072317457,210.675105316219,126.578039169518,116.361505662311,210.708329213631,211.565592665726,200.089979759107,194.097913435462,133.7235955245,130.690474021636,128.397819296124,187.936159373336,191.321718578942,161.505417865779,152.243226450309,105.63143471524,102.186104730536,117.84735890125,209.747467207592,192.208220427743,262.933451656498,155.331902711581,176.567267634746,64.6529195009785,93.0483745156249,84.3208159353312,164.426275272537,166.180624622728,109.416634932719,109.59014554238,76.0131567559196,205.387438759044,203.342076314766,164.517476275319,166.306945134591,179.248430955476,135.136967555144,179.159147129026,178.426455437528,145.25839046334,213.981307594846,212.46176126541,191.143924831526,194.781929346641,166.264848960927,193.214906257255,190.294508591289,157.987341265052,191.520233917986,112.977873939989,213.929895059106,214.135471139183,199.178312072374,192.888568868142,208.782183147892,210.299786019863,199.509398274868,180.272016685896,198.454024902495,113.269589917153,210.371100676875,193.891722360703,210.902821223425,199.484335224599,177.285081154619,194.627850011246,184.883747257567,166.661333247997,186.29009635512,174.1551032844,108.249711316012,,segitiga,bola,bintang,bola,segitiga,uji_20.png
uji_21.png,195.315129982293,200.259831219344,146.771931921604,229.604006933677,158.996855314814,153.03594349041,126.956685526994,134.707089642676,158.48028268526,198.866789585391,146.485494162391,170.616529093755,180.848002477218,171.685759456048,123.044707322176,125.171881826551,120.987602670687,111.049538495214,98.812954616285,106.733312513011,107.349895202557,97.0154626850792,120.033328704989,98.5393322486001,52.5166640220035,93.2308961664533,98.3666610188635,104.297650980259,314.988888692919,297.529830437218,359.327148988217,244.822384597487,244.822384597487,107.508139226758,71.3582510996451,118.397635111517,162.388423232692,163.713163795707,141.844985811977,141.258628055068,124.50702791409,146.451357112182,144.913767461894,117.029910706622,118.296238317201,114.952163963972,78.9430174239622,112.418859627733,110.64357188739,61.660360037872,139.949991068238,139.046754726603,109.498858441538,113.375482358401,68.425141578224,114.376571027462,122.237473795886,83.4865258589672,123.846679406434,151.874948559662,123.450394896088,124.523090228279,99.4585340732508,97.3344748791506,122.49081598226,124.803846094582,99.3680028983173,59.916608715781,97.8876907481222,55.6057550978314,126.071408336704,99.3780659904388,126.522725231478,109.827136901587,67.483331275212,101.439637223326,105.166534601079,73.8782782690555,108,58.9067059000926,76.3806258157132,,bintang,segitiga,bintang,segitiga,bola,uji_21.png
uji_22.png,145.712044800696,137.360838669542,134.937022347464,167.242339136954,95.5196314900764,129.822956367508,129.042628615508,153.687995627505,101.341008481266,147.871565894191,172.197560958336,166.096357575956,124.249748490691,103.836409799261,153.759552548777,151.93419628247,168.546729425403,162.234398325386,54.0925133451941,53.2165387826003,56.2138772902208,143.359687499659,125.745775276945,143.861044066836,85.0294066779253,54.8270006474912,57.7754273026172,51.9615242270663,252.594536758023,234.320293615384,305.499590834423,191.708111461148,188.308257917703,79.9499843652267,69.4982014155762,45.8911756223351,122.040976725033,120.39102956616,125.928551170892,129.792141518661,62.6099033699941,152.026313511839,147.864803114196,156.588633048507,159.57443404255,113.727745075685,125.107953384267,123.450394896088,124.587318776832,68.9637585982667,162.111073033276,158.971695593901,131.179266654453,139.168962056918,96.9329665284211,135.521216051215,170.235131509333,136.821051011897,169.811660377019,94.5515732285825,157.60076141948,156.678013773471,137.60087209026,154.71263684651,173.181985206314,174.080441175912,150.139934727573,126.309144562062,150.266430050095,73.9594483484024,157.009553849439,134.759044223384,156.108936323325,136.073509545392,109.936345218495,134.744202101612,158.335087709579,138.195513675372,159.040875249101,111.928548637066,43.1045241245046,,bintang,bintang,bintang,segitiga,segitiga,uji_22.png
uji_23.png,94.0850678907126,112.836164415492,123.935467078637,107.200746266059,68.3520299625402,158.328771864118,130.522028792078,162.148080469674,82.0243866176395,130.583306743243,181.521348606713,205.426385841741,107.563934476199,85.4751425854324,210.266497569156,206.169832904817,208.518584303654,206.155281280883,110.634533487515,104.316825105062,105.138004546406,194.920496613363,176.493625947228,179.883295500166,146.225852707379,93.1772504423692,91.1482309208467,94.0106376959544,192.660322848271,174.137876408322,249.214766817699,139.928553197694,158.341403303116,89.6214260096323,107.275346655231,45.4752680036083,142.288439446077,136.095554666565,111.588529876507,122.131077126176,60.8276253029822,198.100984348892,191.457567100389,183.401199559872,189.330399038295,170.692706346815,161.82706819318,165.915641215649,170.657551839935,134.684817258665,212.743977588086,207.778728458906,190.420587122296,188.997354478839,160.124951209985,182.641725791233,207.951917519411,179.922205411116,205.426385841741,92.3471710449216,214.102779057162,211.650655562415,200.299775336869,203.872509181596,218.059624873565,217.039166972231,201.63829001457,186.852883306627,203.563257981395,122.294725969684,211.627030409634,195.948972949592,209.179348885113,188.949728764029,172.371691411322,188.949728764029,203.174801587205,187.712546197637,201.345474247622,173.106903386318,94.6467115118111,,bintang,bola,bola,kotak,kotak,uji_23.png
,,,,,,,,,,,,,,,,,,,,,,,,,,,,,,,,,,,,,,,,,,,,,,,,,,,,,,,,,,,,,,,,,,,,,,,,,,,,,,,,,,,,,,,,
